customer_address_city,customer_address_country,customer_customer_id,customer_name,event_timestamp,order_id,product,price,quantity
Delhi,INDIA,36,David Lee,2026-04-05 23:39:56.739717,2,Tablet,500,1
Chennai,INDIA,78,Warren Lewis,2026-01-29 23:39:56.739955,4,Keyboard,500,1
Delhi,INDIA,31,Cameron Moore,2026-02-15 23:39:56.740054,5,Keyboard,500,2
Delhi,INDIA,81,Tonya Moran,2026-04-01 23:39:56.740278,7,Monitor,1000,2
Chennai,INDIA,58,Nathan Howard,2026-04-25 23:39:56.740391,8,Tablet,500,1
Delhi,INDIA,43,Bruce Deleon,2026-03-27 23:39:56.740488,9,Tablet,1000,1
Delhi,INDIA,80,Crystal Snyder DVM,2026-03-11 23:39:56.740592,10,Monitor,500,2
Chennai,INDIA,47,Sabrina Sanchez,2026-02-27 23:39:56.740711,11,Laptop,500,1
Delhi,INDIA,23,Pamela Harris,2026-02-04 23:39:56.740839,12,Phone,500,1
,INDIA,77,Mark Adams,2026-02-01 23:39:56.740936,13,Keyboard,1000,2
,INDIA,38,Rebecca Perez,2026-05-01 23:39:56.741031,14,Tablet,500,2
,INDIA,32,Tiffany Turner,2026-04-18 23:39:56.741124,15,Laptop,1000,1
Delhi,INDIA,2,Doris Reed,2026-03-14 23:39:56.741233,16,Keyboard,1000,2
,INDIA,50,Gregory James,2026-02-07 23:39:56.741428,18,Tablet,1000,2
Delhi,INDIA,69,Edward Cohen,2026-04-02 23:39:56.741625,20,Keyboard,500,2
Chennai,INDIA,74,Bradley Brown,2026-02-05 23:39:56.741727,21,Laptop,500,1
,INDIA,56,Philip Marshall,2026-04-18 23:39:56.741929,23,Tablet,1000,1
Delhi,INDIA,88,William Torres,2026-04-25 23:39:56.742304,27,Monitor,500,2
Delhi,INDIA,24,Daniel Nelson,2026-01-30 23:39:56.742397,28,Laptop,1000,2
Delhi,INDIA,88,Margaret Davidson,2026-03-28 23:39:56.742583,30,Laptop,1000,2
,INDIA,4,Crystal Hutchinson,2026-04-24 23:39:56.742676,31,Laptop,500,1
Chennai,INDIA,88,Alec David,2026-05-02 23:39:56.742773,32,Keyboard,500,2
Chennai,INDIA,69,Jessica Day,2026-04-12 23:39:56.742889,33,Phone,500,2
Chennai,INDIA,78,Gabriela Olson,2026-04-05 23:39:56.742988,34,Monitor,1000,1
Chennai,INDIA,47,Michelle Wright,2026-03-26 23:39:56.743085,35,Phone,1000,1
,INDIA,68,Paula Hall,2026-03-19 23:39:56.743179,36,Tablet,1000,1
Delhi,INDIA,11,Brittany Robinson,2026-04-12 23:39:56.743273,37,Tablet,1000,2
Delhi,INDIA,12,Marie Cook,2026-03-29 23:39:56.743381,38,Keyboard,500,1
,INDIA,23,Anna Edwards,2026-04-13 23:39:56.743566,40,Phone,500,2
,INDIA,29,Andrew Peters,2026-02-22 23:39:56.743656,41,Phone,1000,1
Chennai,INDIA,38,Jason Norris,2026-04-05 23:39:56.743872,43,Phone,1000,1
,INDIA,80,Bethany Hanna,2026-03-19 23:39:56.743998,44,Laptop,1000,2
Chennai,INDIA,29,Gabriel Ochoa,2026-04-28 23:39:56.744185,46,Laptop,500,2
,INDIA,37,Danielle Garcia,2026-04-25 23:39:56.744370,48,Laptop,1000,1
Delhi,INDIA,72,Shirley Terry,2026-04-07 23:39:56.744485,49,Keyboard,500,2
Delhi,INDIA,5,Connie Morrison,2026-02-17 23:39:56.744581,50,Laptop,500,2
Delhi,INDIA,48,Matthew Clark,2026-02-03 23:39:56.744673,51,Keyboard,500,1
Chennai,INDIA,41,Arthur Woods,2026-04-14 23:39:56.744764,52,Phone,1000,2
Delhi,INDIA,45,Richard Poole,2026-03-30 23:39:56.744853,53,Monitor,1000,1
Chennai,INDIA,65,Ryan Gonzalez,2026-04-28 23:39:56.744953,54,Monitor,500,2
,INDIA,32,Alexandra Snyder,2026-03-15 23:39:56.745063,55,Keyboard,500,1
,INDIA,67,Ryan Thompson,2026-04-07 23:39:56.745154,56,Tablet,1000,1
Delhi,INDIA,83,Kerri Miller,2026-02-27 23:39:56.745424,59,Monitor,500,2
Chennai,INDIA,47,Michael Campbell,2026-04-18 23:39:56.745535,60,Phone,1000,2
Delhi,INDIA,6,Antonio Perez,2026-03-14 23:39:56.745628,61,Tablet,500,2
Delhi,INDIA,54,Jaime Smith,2026-04-09 23:39:56.745719,62,Monitor,1000,2
Chennai,INDIA,92,Denise Stark,2026-02-13 23:39:56.745812,63,Keyboard,1000,2
Chennai,INDIA,7,Darren May,2026-02-07 23:39:56.746002,65,Phone,1000,1
Chennai,INDIA,74,Justin Cross,2026-04-28 23:39:56.746202,67,Tablet,1000,1
Chennai,INDIA,11,Steven Freeman,2026-03-22 23:39:56.746291,68,Tablet,500,2
,INDIA,26,Mark Johnson,2026-03-10 23:39:56.746380,69,Tablet,500,2
Delhi,INDIA,61,Jessica Chen,2026-04-16 23:39:56.746473,70,Tablet,1000,1
Chennai,INDIA,54,Thomas Stevens,2026-01-30 23:39:56.746578,71,Phone,1000,1
Chennai,INDIA,6,Nicole Sampson,2026-05-04 23:39:56.746677,72,Monitor,1000,1
,INDIA,63,Christopher Jackson,2026-03-17 23:39:56.746768,73,Tablet,500,2
,INDIA,3,Cynthia Thompson DDS,2026-02-12 23:39:56.746962,75,Phone,1000,2
,INDIA,31,Vincent Compton,2026-03-25 23:39:56.747062,76,Monitor,1000,2
Chennai,INDIA,71,Raymond Miller,2026-03-19 23:39:56.747173,77,Keyboard,500,2
Delhi,INDIA,17,Alan Lee MD,2026-02-10 23:39:56.747371,79,Keyboard,500,2
,INDIA,41,Jason Carter,2026-04-27 23:39:56.747460,80,Phone,500,1
Delhi,INDIA,23,Lawrence Sullivan,2026-05-05 23:39:56.747551,81,Keyboard,500,1
Delhi,INDIA,81,Cody Gutierrez,2026-02-05 23:39:56.747750,83,Keyboard,500,1
Delhi,INDIA,1,Yolanda Garcia,2026-02-15 23:39:56.747963,85,Laptop,1000,2
Chennai,INDIA,68,Margaret Barrett,2026-02-02 23:39:56.748056,86,Phone,1000,2
,INDIA,87,Dakota Roberts,2026-04-21 23:39:56.748158,87,Laptop,500,1
Chennai,INDIA,90,Kayla Mcdonald,2026-03-30 23:39:56.748281,88,Tablet,500,1
Delhi,INDIA,77,Michael Rodriguez,2026-02-08 23:39:56.748377,89,Phone,1000,2
Delhi,INDIA,33,Erin Smith,2026-03-23 23:39:56.748469,90,Laptop,500,2
Chennai,INDIA,87,Robert Schmidt,2026-02-26 23:39:56.748652,92,Tablet,1000,2
Chennai,INDIA,96,Mitchell Mata,2026-03-26 23:39:56.748760,93,Monitor,1000,2
Delhi,INDIA,52,Michael Stephens,2026-05-05 23:39:56.748858,94,Monitor,1000,1
,INDIA,56,Gabrielle Mccormick,2026-03-07 23:39:56.748952,95,Keyboard,500,1
Delhi,INDIA,20,Joel Davis,2026-04-01 23:39:56.749040,96,Laptop,1000,2
Chennai,INDIA,30,Alexander Guzman,2026-02-18 23:39:56.749130,97,Monitor,1000,1
Chennai,INDIA,38,Amy Lee DDS,2026-03-13 23:39:56.749243,98,Phone,1000,2
Chennai,INDIA,79,Crystal Harrington,2026-03-20 23:39:56.749338,99,Keyboard,1000,2
Delhi,INDIA,73,Dawn Tran,2026-04-05 23:39:56.749430,100,Monitor,1000,2
Chennai,INDIA,31,Richard Golden,2026-02-18 23:39:56.749733,103,Laptop,1000,1
Delhi,INDIA,94,Emily Clark,2026-02-16 23:39:56.749850,104,Monitor,500,2
,INDIA,62,Devon Green,2026-04-21 23:39:56.749943,105,Tablet,1000,2
,INDIA,38,Erin Snyder,2026-02-06 23:39:56.750037,106,Phone,1000,2
Delhi,INDIA,2,Cristian Rodriguez,2026-01-29 23:39:56.750127,107,Phone,1000,1
Chennai,INDIA,54,Gregory Summers,2026-04-01 23:39:56.750218,108,Keyboard,1000,2
,INDIA,26,Matthew Ramsey,2026-04-18 23:39:56.750327,109,Phone,1000,1
Chennai,INDIA,73,Thomas Bates,2026-04-28 23:39:56.750614,112,Phone,1000,1
Chennai,INDIA,18,Sean Harris,2026-03-15 23:39:56.750704,113,Phone,500,2
Chennai,INDIA,44,Michele Pena,2026-04-22 23:39:56.750798,114,Phone,1000,1
Delhi,INDIA,98,John Palmer,2026-02-13 23:39:56.750905,115,Keyboard,500,1
Chennai,INDIA,90,Michael West,2026-04-17 23:39:56.750999,116,Laptop,500,1
,INDIA,18,Stacy Strickland,2026-02-10 23:39:56.751095,117,Tablet,1000,1
Chennai,INDIA,27,Isaac Silva,2026-05-06 23:39:56.751274,119,Keyboard,500,2
,INDIA,81,Cody Long,2026-03-25 23:39:56.751376,120,Keyboard,1000,1
Delhi,INDIA,26,William Wilson,2026-04-13 23:39:56.751469,121,Monitor,500,2
Delhi,INDIA,96,Meghan Porter,2026-02-15 23:39:56.751664,123,Keyboard,1000,2
,INDIA,30,Samuel Robbins,2026-03-25 23:39:56.751755,124,Keyboard,500,2
Delhi,INDIA,27,Timothy Peterson,2026-04-27 23:39:56.751881,125,Tablet,1000,2
Chennai,INDIA,79,Christian Bryan,2026-04-01 23:39:56.751993,126,Keyboard,500,1
Delhi,INDIA,1,Cathy Hester,2026-03-14 23:39:56.752092,127,Keyboard,500,1
Chennai,INDIA,84,Patrick Burton,2026-04-03 23:39:56.752182,128,Laptop,1000,1
Chennai,INDIA,59,Sarah Dean,2026-04-22 23:39:56.752276,129,Monitor,500,1
,INDIA,12,Gregory Silva,2026-03-17 23:39:56.752378,130,Tablet,1000,1
Delhi,INDIA,87,Charles Smith,2026-03-15 23:39:56.752480,131,Monitor,1000,2
Delhi,INDIA,73,Amber Nichols,2026-04-16 23:39:56.752761,134,Laptop,1000,2
,INDIA,48,Joshua Perry,2026-02-21 23:39:56.752865,135,Tablet,1000,1
Delhi,INDIA,52,Timothy Smith,2026-04-25 23:39:56.752956,136,Monitor,1000,2
Delhi,INDIA,78,Jason Vasquez,2026-03-03 23:39:56.753069,137,Phone,500,2
,INDIA,33,Ronald Bradley,2026-03-26 23:39:56.753346,140,Tablet,1000,1
,INDIA,20,Whitney Austin,2026-04-18 23:39:56.753527,142,Keyboard,500,2
,INDIA,10,Tracy Chase,2026-04-12 23:39:56.753619,143,Monitor,1000,1
Chennai,INDIA,4,Brandy Peters,2026-03-22 23:39:56.753715,144,Laptop,500,1
Delhi,INDIA,85,Hannah Kent,2026-02-14 23:39:56.753811,145,Tablet,1000,2
,INDIA,79,Melanie Gallegos,2026-02-20 23:39:56.753906,146,Laptop,1000,2
Delhi,INDIA,80,Mark Wilson,2026-02-04 23:39:56.754000,147,Laptop,1000,1
Chennai,INDIA,81,Melissa Carter,2026-03-15 23:39:56.754111,148,Monitor,500,2
Chennai,INDIA,13,Jennifer Kirk,2026-03-03 23:39:56.754212,149,Keyboard,1000,1
Delhi,INDIA,24,Jeffrey Rodriguez,2026-03-30 23:39:56.754308,150,Monitor,500,2
Chennai,INDIA,21,Ashley Henson,2026-05-06 23:39:56.754403,151,Phone,500,1
,INDIA,50,Vanessa Phillips,2026-02-08 23:39:56.754495,152,Monitor,500,2
Delhi,INDIA,75,Rhonda Ward,2026-02-06 23:39:56.754588,153,Laptop,500,1
Chennai,INDIA,56,Stephanie Lewis,2026-03-13 23:39:56.754682,154,Keyboard,500,2
Chennai,INDIA,9,Matthew Chapman,2026-04-25 23:39:56.754782,155,Tablet,1000,2
,INDIA,9,Brenda Paul,2026-04-29 23:39:56.754964,157,Phone,500,1
Chennai,INDIA,66,William Webb,2026-04-12 23:39:56.755053,158,Tablet,500,2
Delhi,INDIA,85,Thomas King,2026-01-29 23:39:56.755143,159,Phone,500,1
Delhi,INDIA,9,Laura Miller,2026-02-15 23:39:56.755253,160,Keyboard,500,1
Delhi,INDIA,97,Anthony Spence,2026-04-12 23:39:56.755347,161,Phone,1000,2
Delhi,INDIA,37,Kathryn Martinez,2026-04-01 23:39:56.755533,163,Keyboard,500,2
,INDIA,89,Heather Drake,2026-03-01 23:39:56.755716,165,Monitor,1000,1
,INDIA,79,Andres Stewart,2026-02-23 23:39:56.755806,166,Tablet,1000,2
Delhi,INDIA,25,Thomas Butler,2026-02-19 23:39:56.755925,167,Monitor,1000,2
,INDIA,47,Jennifer Williams,2026-04-10 23:39:56.756114,169,Keyboard,500,1
,INDIA,77,Ronald Webb,2026-04-02 23:39:56.756207,170,Monitor,1000,1
Delhi,INDIA,73,Ricardo Kirk,2026-05-06 23:39:56.756336,171,Laptop,1000,1
Chennai,INDIA,9,Elizabeth Chambers,2026-03-05 23:39:56.756443,172,Monitor,500,2
Chennai,INDIA,77,Daniel Santos,2026-02-25 23:39:56.756536,173,Monitor,1000,1
Delhi,INDIA,69,Laura Jenkins,2026-02-11 23:39:56.756629,174,Monitor,500,1
Chennai,INDIA,31,Erin Ramos,2026-02-22 23:39:56.756902,177,Phone,500,2
,INDIA,95,Alan Montoya,2026-04-23 23:39:56.756994,178,Laptop,500,1
Chennai,INDIA,1,Glenn Fernandez,2026-03-15 23:39:56.757084,179,Monitor,1000,1
Delhi,INDIA,87,Angelica Zamora,2026-03-20 23:39:56.757285,181,Tablet,500,2
,INDIA,19,Troy Estes,2026-02-19 23:39:56.757402,182,Phone,1000,1
Delhi,INDIA,47,Robert Juarez,2026-03-06 23:39:56.757686,184,Monitor,500,2
Chennai,INDIA,21,Francisco Jones,2026-02-05 23:39:56.757847,185,Laptop,1000,2
Chennai,INDIA,58,Elizabeth Beck,2026-04-15 23:39:56.758184,187,Monitor,1000,1
Chennai,INDIA,95,Kathy Smith,2026-04-21 23:39:56.758385,189,Monitor,500,1
Delhi,INDIA,100,Pamela Fields,2026-03-02 23:39:56.758503,190,Phone,500,1
,INDIA,3,Kimberly Garcia,2026-04-30 23:39:56.758597,191,Monitor,500,1
Chennai,INDIA,61,Justin Morris,2026-03-09 23:39:56.758689,192,Tablet,1000,1
,INDIA,23,Kathryn Ortiz,2026-04-19 23:39:56.758783,193,Laptop,500,2
Delhi,INDIA,97,Misty Haas,2026-03-15 23:39:56.758975,195,Phone,500,1
Delhi,INDIA,49,John Stephens,2026-03-10 23:39:56.759064,196,Laptop,1000,2
,INDIA,76,Autumn Wright,2026-03-08 23:39:56.759156,197,Monitor,500,1
Delhi,INDIA,92,Elizabeth Davis,2026-02-14 23:39:56.759248,198,Monitor,500,2
Delhi,INDIA,13,Jessica Luna,2026-02-12 23:39:56.759339,199,Tablet,1000,2
Chennai,INDIA,56,Danielle Love,2026-04-12 23:39:56.759431,200,Monitor,500,2
Chennai,INDIA,48,George Hall,2026-03-11 23:39:56.759760,203,Tablet,1000,1
Chennai,INDIA,65,Morgan Davis,2026-03-18 23:39:56.759975,205,Tablet,500,1
Delhi,INDIA,36,Ryan Preston,2026-04-19 23:39:56.760065,206,Laptop,1000,1
Delhi,INDIA,25,Michael Nelson,2026-04-10 23:39:56.761100,207,Monitor,500,2
Delhi,INDIA,29,Tiffany Barrera,2026-02-01 23:39:56.761344,209,Tablet,1000,2
Chennai,INDIA,14,Jimmy Schwartz,2026-02-26 23:39:56.761649,212,Phone,500,2
Delhi,INDIA,65,Steven White,2026-03-12 23:39:56.761751,213,Tablet,500,1
Delhi,INDIA,52,Brian Hayes,2026-03-16 23:39:56.761872,214,Monitor,500,2
Chennai,INDIA,56,Rhonda Watson,2026-02-20 23:39:56.761969,215,Keyboard,500,2
Delhi,INDIA,70,Jennifer Meza,2026-03-07 23:39:56.762150,217,Phone,500,1
Chennai,INDIA,23,Amy White,2026-03-28 23:39:56.762243,218,Laptop,500,1
Chennai,INDIA,68,Elijah Woodard,2026-02-18 23:39:56.762512,221,Phone,500,2
Delhi,INDIA,89,Ellen Martinez,2026-04-10 23:39:56.762693,223,Keyboard,1000,2
Delhi,INDIA,31,Kristina Little,2026-04-23 23:39:56.762783,224,Laptop,500,1
Chennai,INDIA,75,Joseph Mayo,2026-03-21 23:39:56.762981,226,Monitor,1000,1
Delhi,INDIA,21,Karen Calderon,2026-03-17 23:39:56.763074,227,Laptop,500,1
,INDIA,73,Cynthia Gordon,2026-04-25 23:39:56.763267,229,Phone,1000,2
Delhi,INDIA,64,Robin Bradley,2026-02-17 23:39:56.763450,231,Monitor,500,1
,INDIA,59,Kelsey Smith,2026-04-28 23:39:56.763731,234,Keyboard,1000,1
Delhi,INDIA,61,Jonathan Booth,2026-02-12 23:39:56.763831,235,Monitor,1000,2
Chennai,INDIA,5,Tony Duke,2026-03-17 23:39:56.763944,236,Monitor,1000,1
Chennai,INDIA,100,Adam Daugherty,2026-02-13 23:39:56.764228,239,Monitor,500,2
,INDIA,22,Dr. Brandi Sanchez,2026-03-28 23:39:56.764467,241,Monitor,500,2
,INDIA,70,Kelly Baker,2026-05-06 23:39:56.764568,242,Laptop,500,1
Chennai,INDIA,31,James Rodriguez,2026-03-08 23:39:56.764661,243,Laptop,1000,2
Chennai,INDIA,66,Tyler Valenzuela,2026-02-03 23:39:56.764752,244,Laptop,1000,1
,INDIA,3,Alexandra Anderson,2026-04-16 23:39:56.764846,245,Phone,500,2
,INDIA,67,Robin Rice,2026-01-30 23:39:56.764943,246,Laptop,1000,2
Chennai,INDIA,56,Matthew Davis,2026-02-11 23:39:56.765048,247,Phone,500,1
Delhi,INDIA,100,Scott Jackson,2026-05-04 23:39:56.765158,248,Tablet,500,1
Delhi,INDIA,86,Victoria Richards,2026-03-01 23:39:56.765254,249,Tablet,1000,1
Chennai,INDIA,80,Cynthia Rodriguez,2026-02-10 23:39:56.765441,251,Monitor,1000,1
,INDIA,18,Nicole Dawson,2026-03-15 23:39:56.765534,252,Phone,1000,2
Chennai,INDIA,3,Holly Doyle,2026-04-22 23:39:56.765624,253,Keyboard,500,2
Delhi,INDIA,13,Richard Wilson,2026-03-28 23:39:56.765712,254,Phone,500,2
,INDIA,39,Tracy Reed,2026-04-30 23:39:56.765895,256,Laptop,1000,1
Chennai,INDIA,18,Ryan Taylor,2026-03-07 23:39:56.765982,257,Laptop,1000,1
,INDIA,28,Alison Butler,2026-05-06 23:39:56.766269,260,Keyboard,500,2
,INDIA,88,Ryan Burgess,2026-02-17 23:39:56.766357,261,Laptop,1000,1
Delhi,INDIA,86,Cody Mathis,2026-02-17 23:39:56.766447,262,Tablet,500,2
,INDIA,16,Crystal May,2026-02-07 23:39:56.766540,263,Keyboard,1000,1
Delhi,INDIA,2,Corey Garcia,2026-03-15 23:39:56.766896,267,Phone,1000,1
,INDIA,49,David Sullivan,2026-02-11 23:39:56.766985,268,Phone,500,2
Delhi,INDIA,32,Christina Bauer,2026-01-31 23:39:56.767097,269,Monitor,500,2
,INDIA,59,Theresa Hunt,2026-04-14 23:39:56.767195,270,Monitor,500,2
Chennai,INDIA,55,Daniel Schneider,2026-03-29 23:39:56.767284,271,Keyboard,1000,2
Chennai,INDIA,83,Timothy Alvarado,2026-04-08 23:39:56.767374,272,Tablet,1000,2
Chennai,INDIA,57,Scott Chang,2026-04-18 23:39:56.767466,273,Monitor,1000,1
Chennai,INDIA,3,Manuel Chavez,2026-04-05 23:39:56.767647,275,Phone,1000,2
,INDIA,97,Vincent Rodriguez,2026-01-28 23:39:56.767738,276,Phone,500,2
,INDIA,89,Laurie Young,2026-04-04 23:39:56.767846,277,Laptop,1000,1
Delhi,INDIA,49,George Aguilar,2026-01-29 23:39:56.768033,279,Phone,1000,1
,INDIA,31,Robert Crawford,2026-04-10 23:39:56.768126,280,Phone,1000,1
Chennai,INDIA,92,Holly Edwards,2026-02-20 23:39:56.768332,282,Phone,1000,1
Chennai,INDIA,53,Miss April Stone,2026-01-29 23:39:56.768435,283,Phone,500,2
Chennai,INDIA,31,Alexandra Holloway,2026-04-25 23:39:56.768527,284,Laptop,1000,1
,INDIA,65,Stephen Bridges,2026-05-03 23:39:56.768619,285,Tablet,1000,2
Chennai,INDIA,95,Melvin Webb,2026-04-16 23:39:56.768708,286,Tablet,500,1
,INDIA,30,Aaron Holloway,2026-04-29 23:39:56.768796,287,Phone,500,1
Delhi,INDIA,98,Jessica Moore,2026-02-08 23:39:56.768976,289,Phone,1000,2
Chennai,INDIA,54,Alicia Pearson,2026-04-07 23:39:56.769068,290,Phone,500,1
Chennai,INDIA,90,Caitlin Peterson,2026-04-14 23:39:56.769162,291,Phone,1000,2
Delhi,INDIA,79,Gregory Guerrero,2026-03-08 23:39:56.769271,292,Laptop,500,2
,INDIA,51,Amy Barr,2026-04-06 23:39:56.769457,294,Keyboard,500,1
,INDIA,44,Jeremy Patterson,2026-02-25 23:39:56.769636,296,Tablet,1000,2
Chennai,INDIA,18,Susan Mcdaniel,2026-03-13 23:39:56.769728,297,Monitor,500,1
,INDIA,93,Ms. Sandra Pham,2026-02-08 23:39:56.769823,298,Tablet,1000,1
